title,url,heightCm,weightKg,weightLb,priceUsd,isPartialBody
"150cm (4ft11) F-Cup TPE Sex Doll, Head #225, in US Stock",https://www.yourdoll.com/product/sex-doll-abd131-3/,150,33,73,899,false
"150cm (4ft11) F-Cup TPE Sex Doll, Head #228, in USA Stock",https://www.yourdoll.com/product/sex-doll-abd130-1/,150,33,73,899,false
"150cm (4ft11) F-Cup TPE Sex Doll, Head #228, in EU Stock",https://www.yourdoll.com/product/sex-doll-abd130-2/,150,33,73,1099,false
"150cm (4ft11) F-Cup TPE Sex Doll, Head #225, in EU Stock",https://www.yourdoll.com/product/sex-doll-abd131-2/,150,33,73,1099,false
"150cm (4ft11) TPE Sex Doll Richelle, Ready to Ship from USA, Flash Sale",https://www.yourdoll.com/product/sex-doll-itd020-1/,150,27,60,1199,false
"150cm (4ft11) S-TPE Elf Sex Doll Elsa, In EU Stock",https://www.yourdoll.com/product/sex-doll-sed065-2/,150,27,60,1231.65,false
"160cm (5ft2) C-Cup S-TPE Sex Doll Tracy.B, Head #L76, in USA Stock",https://www.yourdoll.com/product/sex-doll-sed333-3/,160,38.6,85,1231.65,false
"160cm (5ft2) C-Cup STPE Sex Doll Hazel.E, Head #127, in EU Stock",https://www.yourdoll.com/product/sex-doll-sed335-2/,160,38.6,85,1231.65,false
"150cm (4ft11) B-Cup Cosplay Sex Doll XiXi, ROS Available",https://www.yourdoll.com/product/sex-doll-she456/,150,36,79,1299,false
"160cm (5ft3) C-Cup Hybrid Love Doll Trijntje, Silicone Head S10, In USA Stock",https://www.yourdoll.com/product/sex-doll-syd062-5/,160,36,79,1299,false
"150cm (4ft11) D-cup Sex Doll Rhiannon, Head N7, in US Stock",https://www.yourdoll.com/product/sex-doll-6yd059-2/,150,26.8,59,1349,false
"150cm (4ft11) B-cup Sex Doll Salomea, Head N20, in USA Stock",https://www.yourdoll.com/product/sex-doll-6yd139-2/,150,26,57,1349,false
150cm (4ft11) S-TPE Sex Doll Nova,https://www.yourdoll.com/product/sex-doll-ikd272/,150,35,77,1485,false
150cm (4ft11) S-TPE Sex Doll Sora,https://www.yourdoll.com/product/sex-doll-ikd273/,150,35,77,1485,false
150cm (4ft11) S-TPE Sex Doll Misaki,https://www.yourdoll.com/product/sex-doll-ikd261/,150,35,77,1485,false
150cm (4ft11) S-TPE Sex Doll Hiiro,https://www.yourdoll.com/product/sex-doll-ikd246/,150,35,77,1485,false
160cm (5ft3) Furry Snake All In One Silicone Sex Doll,https://www.yourdoll.com/product/sex-doll-dcd221/,160,37,82,1499,false
Big Breast N-cup Merna,https://www.yourdoll.com/product/sex-doll-yld016/,140,28,62,1549,true
"140cm (4ft7) Silicone Doll Torso BR-4, ROS Head, #Y39 Eva, in EU Stock",https://www.yourdoll.com/product/sex-doll-yed040-1/,140,29.5,65,1599,true
"160cm (5ft2) C-Cup Sex Doll Yuuka.H, Head #079",https://www.yourdoll.com/product/sex-doll-sed337/,160,38.6,85,1599,false
"160cm (5ft2) C-Cup Sex Doll Hazel.E, Head #127",https://www.yourdoll.com/product/sex-doll-sed335/,160,38.6,85,1599,false
"140cm (4ft7) F-Cup Silicone Sex Doll Torso BR-4, ROS Head, #Y39 Eva",https://www.yourdoll.com/product/sex-doll-yed040/,140,29.5,65,1599.9,true
"140cm (4ft7) Furry Fox Silicone Sex Doll Renamon, Head SZ20",https://www.yourdoll.com/product/sex-doll-dcd222/,140,38,84,1799,false
"160cm (5ft3) G4 TPE Sex Doll, Head #422",https://www.yourdoll.com/product/sex-doll-wmd967/,160,38,84,1799,false
"160cm (5ft3) G4 Elf TPE Sex Doll, Head #172",https://www.yourdoll.com/product/sex-doll-wmd966/,160,38,84,1799,false
"150cm (4ft11) F-Cup Silicone Sex Doll Clara, ROS Head #AB27",https://www.yourdoll.com/product/sex-doll-abs135/,150,29,64,1799.1,false
"150cm (4ft11) A-Cup Silicone Sex Doll, Head S22",https://www.yourdoll.com/product/sex-doll-rst029/,150,29,64,1899,false
"140cm (4ft7) R-Cup Furry OX Silicone Sex Doll Bovinia, Head SZ22",https://www.yourdoll.com/product/sex-doll-dcd225/,140,47,104,1999,false
"140cm (4ft7) Furry Wolf Silicone Sex Doll Krystal, Head SZ21",https://www.yourdoll.com/product/sex-doll-dcd224/,140,42,93,1999,false
"140cm (4ft7) Furry Wolf Silicone Sex Doll Velkara, Head SZ18",https://www.yourdoll.com/product/sex-doll-dcd216/,140,38,84,1999,false
"160cm (5ft3) Silicone Sex Doll Celine, Head S13, ROS Max Head, in US Stock",https://www.yourdoll.com/product/sex-doll-itd894-1/,160,42.8,94,2180,false
"165cm (5ft5) – 165T Silicone Sex Doll Glow Suki, Head S20, ROS Max Head, in US S",https://www.yourdoll.com/product/sex-doll-itd895-1/,165,36,79,2180,false
"160cm (5ft3) D-Cup Christmas Silicone Sex Doll MeiXiao, ROS Head Only",https://www.yourdoll.com/product/sex-doll-sen215/,160,38,84,2222.1,false
"160cm (5ft3) D-Cup Christmas Silicone Sex Doll Aoi, ROS Head Only",https://www.yourdoll.com/product/sex-doll-sen212/,160,38,84,2222.1,false
"160cm (5ft3) Silicone Sex Doll Celine, Head S13, ROS Max Available",https://www.yourdoll.com/product/sex-doll-itd894/,160,42.8,94,2250,false
"150cm (4ft11) E-Cup Silicone Sex Doll Amelia, Head #M8",https://www.yourdoll.com/product/sex-doll-mdd012/,150,27,60,2499,false
"150cm (4ft11) E-Cup Silicone Sex Doll Theresa, Head #M6",https://www.yourdoll.com/product/sex-doll-mdd011/,150,27,60,2499,false
"150cm (4ft11) E-Cup Silicone Sex Doll Lily, Head #M21, ROS Available",https://www.yourdoll.com/product/sex-doll-mdd009/,150,27,60,2499,false
"150cm (4ft11) E-Cup Silicone Sex Doll Lily, Head #M21, ROS Available",https://www.yourdoll.com/product/sex-doll-mdd008/,150,27,60,2499,false
"150cm (4ft11) E-Cup Silicone Sex Doll Angela, Head #M2",https://www.yourdoll.com/product/sex-doll-mdd007/,150,27,60,2499,false
"150cm (4ft11) E-Cup Silicone Sex Doll Poppy, Head #M14",https://www.yourdoll.com/product/sex-doll-mdd005/,150,27,60,2499,false
"150cm (4ft11) E-Cup Silicone Sex Doll Mabel, Head #M10",https://www.yourdoll.com/product/sex-doll-mdd004/,150,27,60,2499,false
"150cm (4ft11) E-Cup Silicone Sex Doll Mabel, Head #M10",https://www.yourdoll.com/product/sex-doll-mdd003/,150,27,60,2499,false
"150cm (4ft11) E-Cup Silicone Sex Doll Letitia, Head #M9",https://www.yourdoll.com/product/sex-doll-mdd013/,150,27,60,2499,false
"150cm (4ft11) E-Cup Silicone Sex Doll Tina, Head #M5, ROS Available",https://www.yourdoll.com/product/sex-doll-mdd010/,150,27,60,2499,false
"150cm (4ft11) E-Cup Silicone Sex Doll Celine, Head #M15, ROS Available",https://www.yourdoll.com/product/sex-doll-mdd006/,150,27,60,2499,false
"150cm (4ft11) E-Cup Elf Silicone Sex Doll Sophia, Head #M24, ROS Available",https://www.yourdoll.com/product/sex-doll-mdd002/,150,27,60,2499,false
"160cm (5ft3)  C-Cup Full Silicone Sex Doll, Movable Jaw Head, Sorelle",https://www.yourdoll.com/product/sex-doll-mvd010/,160,38.5,85,2699,false
"160cm (5ft3)  C-Cup Full Silicone Sex Doll, Movable Jaw Head, Sorelle#-1",https://www.yourdoll.com/product/sex-doll-mvd009/,160,38.5,85,2699,false
"160cm (5ft3)  C-Cup Full Silicone Sex Doll, Movable Jaw Head, Sorelle",https://www.yourdoll.com/product/sex-doll-mvd008/,160,38.5,85,2699,false
"150cm (4ft11) Silicone Sex Doll Alara, ROS Max Head R11",https://www.yourdoll.com/product/sex-doll-rld091/,150,27.6,61,2866,false
"150cm (4ft11) Silicone Sex Doll Viki, ROS Max Head R10",https://www.yourdoll.com/product/sex-doll-rld075/,150,27.6,61,2866,false
"150cm (4ft11) Silicone Sex Doll Alara, ROS Max Head R11",https://www.yourdoll.com/product/sex-doll-rld065/,150,27.6,61,2866,false
